{"accuracy": [0.5479288697242737, 0.639625608921051, 0.6861199736595154, 0.7066419124603271, 0.7268214225769043, 0.74382084608078, 0.7567929029464722, 0.7664713263511658, 0.777830958366394, 0.786112904548645, 0.7933007478713989, 0.7990851402282715, 0.8044052124023438, 0.8095101118087769, 0.8138604760169983, 0.8180719614028931, 0.8193050026893616, 0.8222686648368835, 0.8247071504592896, 0.8258501887321472, 0.8263880014419556, 0.8266214728355408, 0.8268176317214966, 0.8271678686141968], "auc": [0.8396411538124084, 0.9275789856910706, 0.9435005187988281, 0.946172297000885, 0.9489687085151672, 0.9504354000091553, 0.951522946357727, 0.951755940914154, 0.9519373774528503, 0.9532839059829712, 0.953321635723114, 0.9554034471511841, 0.9554383158683777, 0.9577260613441467, 0.9595049619674683, 0.9611420631408691, 0.9607158899307251, 0.9628381729125977, 0.9639039635658264, 0.9657155275344849, 0.9658233523368835, 0.9663944840431213, 0.966759204864502, 0.9660647511482239], "loss": [0.7176099419593811, 0.6581322550773621, 0.6412741541862488, 0.6265419125556946, 0.6102219820022583, 0.592434823513031, 0.5730767250061035, 0.5523948073387146, 0.5310787558555603, 0.5109524130821228, 0.4902845025062561, 0.4710024297237396, 0.45249342918395996, 0.4338902235031128, 0.4159795939922333, 0.39942169189453125, 0.38574719429016113, 0.36930331587791443, 0.3540511429309845, 0.34346023201942444, 0.34060198068618774, 0.337664932012558, 0.334713876247406, 0.33252033591270447], "precision": [0.9940915703773499, 0.9983571171760559, 0.9988685250282288, 0.9986386895179749, 0.9985131025314331, 0.9982913732528687, 0.9980542659759521, 0.9977611303329468, 0.99737548828125, 0.997128963470459, 0.9967808723449707, 0.9966620802879333, 0.996361494064331, 0.9962011575698853, 0.9961137771606445, 0.9960087537765503, 0.9958158135414124, 0.9957728981971741, 0.9956434369087219, 0.9956812858581543, 0.9956473112106323, 0.9956408143043518, 0.9957075715065002, 0.9955653548240662], "recall": [0.601840078830719, 0.6951050162315369, 0.7464191317558289, 0.7737889289855957, 0.8003727793693542, 0.8226736187934875, 0.8407063484191895, 0.8563644289970398, 0.8724989891052246, 0.8849354386329651, 0.8948508501052856, 0.9028702974319458, 0.9112643599510193, 0.9181985259056091, 0.9240714907646179, 0.9303213357925415, 0.932822585105896, 0.9373458623886108, 0.9415392875671387, 0.9431578516960144, 0.9440678954124451, 0.9443681240081787, 0.9446378946304321, 0.9457502365112305], "val_accuracy": [0.7942934632301331, 0.7845513224601746, 0.794128954410553, 0.7991347312927246, 0.8057973980903625, 0.809007465839386, 0.8090792298316956, 0.8099675178527832, 0.8127409815788269, 0.8127921223640442, 0.8127754926681519, 0.8133017420768738, 0.8138129711151123, 0.8140540719032288, 0.8148384094238281, 0.8137693405151367, 0.8142465353012085, 0.8146280646324158, 0.814755380153656, 0.8157901167869568, 0.8163124322891235, 0.8167113065719604, 0.8173202276229858, 0.8185827136039734], "val_auc": [0.5398441553115845, 0.515924334526062, 0.5341393947601318, 0.5740586519241333, 0.5486248135566711, 0.5585252046585083, 0.5496063828468323, 0.5184435844421387, 0.597916841506958, 0.622931718826294, 0.6270434856414795, 0.6520899534225464, 0.6860252618789673, 0.7063518762588501, 0.7056388854980469, 0.7373813390731812, 0.7748875617980957, 0.7603504657745361, 0.7591961622238159, 0.7894811034202576, 0.8095476031303406, 0.8225715756416321, 0.829614520072937, 0.8686516284942627], "val_loss": [0.6815640926361084, 0.6664251089096069, 0.6407173871994019, 0.600879967212677, 0.5448849201202393, 0.4874970316886902, 0.4407486617565155, 0.4165647625923157, 0.35929664969444275, 0.33074456453323364, 0.29951581358909607, 0.3681711256504059, 0.3375142514705658, 0.295950710773468, 0.34625110030174255, 0.3619059920310974, 0.32298019528388977, 0.3293423354625702, 0.3722383975982666, 0.3433457911014557, 0.3306635320186615, 0.33228346705436707, 0.32979056239128113, 0.30438536405563354], "val_precision": [0.9736101031303406, 0.9733355641365051, 0.9735262989997864, 0.9736753106117249, 0.9738734364509583, 0.9739722609519958, 0.9739744067192078, 0.9740006327629089, 0.9740821123123169, 0.9740835428237915, 0.9740952849388123, 0.9747474193572998, 0.9754369854927063, 0.9758937358856201, 0.9774733781814575, 0.9791200757026672, 0.979250431060791, 0.979960560798645, 0.98191899061203, 0.9820311665534973, 0.9824022054672241, 0.9832178354263306, 0.9837403893470764, 0.9844807386398315], "val_recall": [0.9733915328979492, 0.9620651602745056, 0.9734965562820435, 0.9793201684951782, 0.9870263338088989, 0.9908749461174011, 0.9909579157829285, 0.9919848442077637, 0.9951868057250977, 0.9952436089515686, 0.9952041506767273, 0.9948107600212097, 0.9954326152801514, 0.9966410398483276, 0.9946255087852478, 0.9896560907363892, 0.9907416701316833, 0.9893867373466492, 0.9841885566711426, 0.9854435920715332, 0.984956681728363, 0.9830114245414734, 0.9821666479110718, 0.981848955154419], "learning_rate": [9.999999747378752e-05, 9.999999747378752e-05, 9.999999747378752e-05, 9.999999747378752e-05, 9.999999747378752e-05, 9.999999747378752e-05, 9.999999747378752e-05, 9.999999747378752e-05, 9.999999747378752e-05, 9.999999747378752e-05, 9.999999747378752e-05, 9.999999747378752e-05, 9.999999747378752e-05, 9.999999747378752e-05, 9.999999747378752e-05, 9.999999747378752e-05, 9.999999747378752e-05, 9.999999747378752e-05, 9.999999747378752e-05, 1.9999999494757503e-05, 1.9999999494757503e-05, 1.9999999494757503e-05, 1.9999999494757503e-05, 1.9999999494757503e-05]}